[
  {
    "id": 1,
    "title": "Bienvenida a la Central de Comunicación",
    "author": "Valeria Amado",
    "date": "2025-09-18T10:00:00Z",
    "content": "¡Hola a todos! Este es un espacio para que los miembros de nuestra comunidad puedan compartir información importante de manera segura y eficiente. Espero que lo encuentren útil para centralizar nuestras comunicaciones.",
    "reactions": 12
  },
  {
    "id": 2,
    "title": "Próximas actividades",
    "author": "Valeria Amado",
    "date": "2025-09-17T09:00:00Z",
    "content": "Recordatorio: La próxima reunión del grupo será el próximo martes. Asegúrense de revisar sus correos para los detalles de la agenda. ¡Nos vemos allí!",
    "reactions": 8
  },
  {
    "id": 3,
    "title": "Progreso del proyecto",
    "author": "Valeria Amado",
    "date": "2025-09-16T08:30:00Z",
    "content": "Hemos avanzado con la sección de contacto y el sistema de publicaciones. El desarrollo va en línea con el cronograma. ¡Pronto tendremos más actualizaciones!",
    "reactions": 25
  }
]